Both,comedy,tragedy,none,"this line of text exists to check portraits."
Comedy,comedy,NONE,none,""
Tragedy,NONE,tragedy,none,""
Comedy,comedy,NONE,none,"Welcome, one and all, to the Celestial Circus!"
Comedy,comedy,NONE,none,"Tonight will be a night filled with laughter-"
Tragedy,NONE,tragedy,none,"And tears."
Comedy,comedy,NONE,none,"Laughs* “Yes, and that too! The main act will be a performance by our magnificent clown–"
Comedy,comedy,NONE,none,"clown spotlight"
Tragedy,NONE,tragedy,none,"Though, how tragic for the audience, and how dull for our dear clown, that their emotions have been stripped from them"
Comedy,comedy,NONE,none,"Ah, like that they would hardly be able to make anyone laugh, or even shed a tear."
Comedy,comedy,NONE,none,"Now, before I become any more tragic like you, could you explain how they may solve this dire situation?"
Tragedy,NONE,tragedy,none,"It will be a trial, a terrible climb, twice to the top of this very tent, [where they run, and jump, and float], and which I had desired they do it alone."
Comedy,comedy,NONE,none,"But such dreariness could never bring about joy for the audience."
Tragedy,NONE,tragedy,none,"not everyone desires joy” *ahem* “And so you, dear audience member –yes you, will need to help them."
Comedy,comedy,NONE,none,"And to start you will make a choice on whose trial to complete first."
